id,name,category,stars,description,price,image,reviews,schedule,menu,address,phone
1,Platillos Voladores,Fusión,4.5,Innovadora cocina que fusiona sabores del Pacífico colombiano con técnicas internacionales.,$$$,URL_imagen_Platillos_Voladores,"[{""autor"": ""Crítico Gastronómico"", ""texto"": ""Una explosión de sabores locales con presentaciones de alta cocina.""}, {""autor"": ""Comensal Feliz"", ""texto"": ""El ambiente es encantador y cada plato una sorpresa deliciosa.""}]","Lun-Vie: 12:00-15:00, 19:00-23:00; Sab: 13:00-16:00, 19:00-00:00; Dom: Cerrado","[{""plato"": ""Cazuela de Mariscos con Coco"", ""precio"": ""$68000""}, {""plato"": ""Lomo de Res en Salsa de Café"", ""precio"": ""$62000""}, {""plato"": ""Atún Sellado con Chontaduro"", ""precio"": ""$65000""}, {""plato"": ""Risotto de Calamar en su Tinta"", ""precio"": ""$59000""}, {""plato"": ""Carpaccio de Pulpo"", ""precio"": ""$55000""}]","Av. 3 Norte #7-19, Granada",+57 2 6687750
2,Restaurante Ringlete,Vallecaucana,4.6,Cocina tradicional del Valle del Cauca con recetas auténticas de la región.,$$,URL_imagen_Ringlete,"[{""autor"": ""Amante de lo Típico"", ""texto"": ""El auténtico sabor valluno, como cocinar en casa de la abuela.""}, {""autor"": ""Visitante"", ""texto"": ""Porciones generosas y excelente sazón criolla.""}]",Lun-Sab: 12:00-22:00; Dom: 12:00-16:30,"[{""plato"": ""Arroz Atollado"", ""precio"": ""$42000""}, {""plato"": ""Chuleta Valluna"", ""precio"": ""$38000""}, {""plato"": ""Sancocho de Gallina"", ""precio"": ""$35000""}, {""plato"": ""Marranitas con Hogao"", ""precio"": ""$16000""}, {""plato"": ""Aborrajados con Queso"", ""precio"": ""$15000""}]","Calle 15A Norte #9N-31, Granada",+57 2 6601177
3,Antigua Contemporanea Cafe,Café / Internacional,4.4,Un espacio bohemio y artístico que ofrece desde cafés especiales hasta platos fuertes con influencias mediterráneas.,$$$,URL_imagen_Antigua_Contemporanea,"[{""autor"": ""Cliente Habitual"", ""texto"": ""Perfecto para trabajar, reunirse o simplemente disfrutar de un buen café y ambiente.""}, {""autor"": ""Turista"", ""texto"": ""La decoración es fascinante y la comida acompaña muy bien la experiencia.""}]",Lun-Jue: 09:00-21:00; Vie-Sab: 09:00-22:00; Dom: 10:00-17:00,"[{""plato"": ""Brunch Especial"", ""precio"": ""$45000""}, {""plato"": ""Lasaña de Vegetales"", ""precio"": ""$35000""}, {""plato"": ""Sándwich Gourmet"", ""precio"": ""$30000""}, {""plato"": ""Torta de la Casa"", ""precio"": ""$19000""}, {""plato"": ""Cappuccino"", ""precio"": ""$9000""}]","Calle 2 #9-08B, San Antonio",+57 2 8936809
4,El Falso Olivo,Mediterránea,4.3,Especializado en cocina mediterránea con énfasis en productos frescos y de mar.,$$$,URL_imagen_El_Falso_Olivo,"[{""autor"": ""Fan del Mediterráneo"", ""texto"": ""Ingredientes de calidad y preparaciones que resaltan el sabor original.""}, {""autor"": ""Cena Romántica"", ""texto"": ""Un lugar elegante con excelente servicio para una ocasión especial.""}]","Lun-Sab: 12:00-15:00, 19:00-23:00; Dom: Cerrado","[{""plato"": ""Pulpo a la Parrilla con Papas"", ""precio"": ""$63000""}, {""plato"": ""Arroz Caldoso de Mariscos"", ""precio"": ""$58000""}, {""plato"": ""Calamari a la Romana"", ""precio"": ""$39000""}, {""plato"": ""Ensalada Griega"", ""precio"": ""$32000""}, {""plato"": ""Lomo Salteado Estilo Mediterráneo"", ""precio"": ""$56000""}]","Calle 16 #103-00, Ciudad Jardín",+57 2 5558250
5,La Hacienda Del Bosque,Típica Colombiana,4.5,Disfruta de platos típicos colombianos en el entorno histórico y natural de una hacienda.,$$$$,URL_imagen_Hacienda_Del_Bosque,"[{""autor"": ""Familia"", ""texto"": ""Un lugar hermoso para compartir en familia y disfrutar de la comida tradicional.""}, {""autor"": ""Turista"", ""texto"": ""La experiencia de la hacienda es única y la comida deliciosa.""}]",Mar-Dom: 12:00-17:00,"[{""plato"": ""Bandeja Paisa Completa"", ""precio"": ""$48000""}, {""plato"": ""Sancocho Trifásico"", ""precio"": ""$45000""}, {""plato"": ""Frijolada con Chicharrón"", ""precio"": ""$40000""}, {""plato"": ""Posta Negra"", ""precio"": ""$46000""}, {""plato"": ""Tamal Valluno"", ""precio"": ""$25000""}]",Avenida 2 Oeste #14-250,+57 3187117755
6,Empanadas Obelisco,Comida Rápida,4,Un ícono caleño para disfrutar de las tradicionales empanadas y la refrescante lulada a cualquier hora.,$,,"[{""autor"": ""Local"", ""texto"": ""Las empanadas de siempre, perfectas para un antojo rápido.""}, {""autor"": ""Rápido y Rico"", ""texto"": ""Ideal para probar un bocado típico caleño y seguir con el día.""}]",Todos los días: 06:00-23:00,"[{""plato"": ""Empanada de Carne"", ""precio"": ""$2500""}, {""plato"": ""Empanada de Pollo"", ""precio"": ""$2500""}, {""plato"": ""Lulada"", ""precio"": ""$7000""}, {""plato"": ""Champús"", ""precio"": ""$7500""}, {""plato"": ""Aborrajado"", ""precio"": ""$16000""}]","Av. Colombia #4, Normandia Sebastian de Belalcazar",+57 302 3717700
7,Zea Maiz,Arepas,4.7,Concepto innovador de arepas cuadradas con una amplia variedad de rellenos creativos.,$$,,"[{""autor"": ""Vegetariano"", ""texto"": ""Las mejores opciones vegetarianas y veganas de arepas en la ciudad.""}, {""autor"": ""Foodie"", ""texto"": ""Una forma original y deliciosa de comer arepas.""}]",Mar-Jue: 18:00-23:00; Vie-Sab: 18:00-23:30; Dom: 17:30-22:30; Lun: Cerrado,"[{""plato"": ""Arepa Zea Maiz (Combinación Especial)"", ""precio"": ""$22000""}, {""plato"": ""Arepa Vegana con Garbanzos y Aguacate"", ""precio"": ""$19000""}, {""plato"": ""Arepa de Chicharrón y Queso"", ""precio"": ""$21000""}, {""plato"": ""Mini Empanadas"", ""precio"": ""$8000""}, {""plato"": ""Limonada de Coco"", ""precio"": ""$11000""}]","Carrera 12 #1-27 Oeste, San Antonio",+57 3118462774
8,Donde Basilia,Pacífico,4.1,Auténtica sazón del Pacífico colombiano en el corazón de la Galería Alameda.,$$,,"[{""autor"": ""Conocedor"", ""texto"": ""Si quieres probar el verdadero sabor del Pacífico, este es el lugar.""}, {""autor"": ""Cliente Satisfecho"", ""texto"": ""El pescado encocado y la cazuela son espectaculares.""}]",Lun-Vie: 10:45-16:30; Sab-Dom: 10:00-16:30,"[{""plato"": ""Pescado Encocado"", ""precio"": ""$48000""}, {""plato"": ""Cazuela de Mariscos"", ""precio"": ""$45000""}, {""plato"": ""Arroz con Camarones"", ""precio"": ""$43000""}, {""plato"": ""Sudado de Piangua"", ""precio"": ""$50000""}, {""plato"": ""Patacones"", ""precio"": ""$12000""}]","Galería Alameda (Consultar Local), Comuna 9",+57 3207732242
9,Cantina La 15 Granada,Mexicana,4.3,Ambiente festivo con auténtica comida mexicana y shows de mariachis en vivo.,$$$,URL_imagen_Cantina_Granada,"[{""autor"": ""Grupo de Amigos"", ""texto"": ""Excelente ambiente para celebrar y disfrutar de la noche caleña con sabor a México.""}, {""autor"": ""Pareja"", ""texto"": ""Buenos cocteles y la música en vivo crea una atmósfera muy divertida.""}]",Dom: 12:00-22:00; Lun-Mar: 18:00-00:00; Mie: 18:00-01:00; Jue: 12:00-01:00; Vie-Sab: 12:00-02:00,"[{""plato"": ""Tacos al Pastor"", ""precio"": ""$32000""}, {""plato"": ""Fajitas Mixtas"", ""precio"": ""$48000""}, {""plato"": ""Nachos con Queso y Guacamole"", ""precio"": ""$28000""}, {""plato"": ""Margarita Clásica"", ""precio"": ""$30000""}, {""plato"": ""Enchiladas Verdes"", ""precio"": ""$35000""}]","Calle 15N #9N-62, Granada",+57 3009133447
10,The Market Cali,Gourmet Casual / Brunch,4.5,"Ofrece una variada propuesta gastronómica en un formato casual, ideal para brunch y comidas informales.",$$$,URL_imagen_The_Market,"[{""autor"": ""Brunch Lover"", ""texto"": ""El mejor brunch de la ciudad, gran variedad y calidad en un solo lugar.""}, {""autor"": ""Comida Deliciosa"", ""texto"": ""Ideal para ir cualquier día, opciones para todos los gustos en un ambiente moderno.""}]",Todos los días: 06:00-22:00,"[{""plato"": ""Desayuno Americano"", ""precio"": ""$40000""}, {""plato"": ""Hamburguesa Clásica"", ""precio"": ""$38000""}, {""plato"": ""Buffet de Almuerzo (Precio por Persona)"", ""precio"": ""$60000""}, {""plato"": ""Ensalada César con Pollo"", ""precio"": ""$35000""}, {""plato"": ""Pizza Personal"", ""precio"": ""$30000""}]","Avenida 8 Norte No 10-18, Granada",602 489 7449
11,Casa Ibérica,Española,4.4,Auténtica cocina española con una amplia selección de tapas y platos fuertes.,$$$,URL_imagen_Casa_Iberica,"[{""autor"": ""Fan de España"", ""texto"": ""Como estar en España, las tapas y arroces son increíbles.""}, {""autor"": ""Buena Comida"", ""texto"": ""Ingredientes frescos y preparaciones fieles a la tradición española.""}]",Consultar en sitio web,"[{""plato"": ""Paella de Mariscos"", ""precio"": ""$75000""}, {""plato"": ""Tortilla Española"", ""precio"": ""$28000""}, {""plato"": ""Gambas al Ajillo"", ""precio"": ""$40000""}, {""plato"": ""Chorizo a la Sidra"", ""precio"": ""$35000""}, {""plato"": ""Tapas Variadas (porción)"", ""precio"": ""$50000""}]","Cl. 3a Oe. # 3-07, Barrio Peñón",
12,Anamaya Indian restaurant,India,4.5,Experiencia culinaria india con platos llenos de sabor y especias auténticas.,$$,URL_imagen_Anamaya,"[{""autor"": ""Explorador de Sabores"", ""texto"": ""Una joya de la comida india en Cali, sabores intensos y deliciosos.""}, {""autor"": ""Vegano Feliz"", ""texto"": ""Excelentes opciones veganas y vegetarianas, muy bien logradas.""}]",Consultar en sitio web,"[{""plato"": ""Butter Chicken"", ""precio"": ""$45000""}, {""plato"": ""Vegetable Korma"", ""precio"": ""$38000""}, {""plato"": ""Biryani de Pollo"", ""precio"": ""$42000""}, {""plato"": ""Samosas (porción)"", ""precio"": ""$15000""}, {""plato"": ""Pan Naan con Ajo"", ""precio"": ""$8000""}]",Consultar dirección exacta,
13,El Escudo Restaurante Bar,Autor / Colombiana,4.6,Propuesta gastronómica de autor que reinterpreta ingredientes y sabores colombianos.,$$$,URL_imagen_El_Escudo,"[{""autor"": ""Crítico Local"", ""texto"": ""Una cocina creativa que rescata la riqueza culinaria del Pacífico y Cauca.""}, {""autor"": ""Sorprendido"", ""texto"": ""Platos únicos y llenos de historia, una experiencia memorable.""}]",Consultar en sitio web,"[{""plato"": ""Chicharrón Crocante con Puré"", ""precio"": ""$39000""}, {""plato"": ""Pulpo con Chimichurri de Mango Biche"", ""precio"": ""$68000""}, {""plato"": ""Arroz Caldoso del Pacífico"", ""precio"": ""$55000""}, {""plato"": ""Lomo de Cerdo con Salsa de Lulo"", ""precio"": ""$52000""}, {""plato"": ""Tostadas de Platano con Hogao Marino"", ""precio"": ""$30000""}]","Calle 4 Oeste #3-46, Barrio el Peñón",
14,Chef Burger Granada,Hamburguesas Gourmet,4.4,Hamburguesas artesanales con ingredientes seleccionados y combinaciones originales.,$$,URL_imagen_Chef_Burger_Granada,"[{""autor"": ""Fan de Hamburguesas"", ""texto"": ""Las mejores hamburguesas de Cali, jugosas y con mucho sabor.""}, {""autor"": ""Buena Opción"", ""texto"": ""Variedad de hamburguesas para todos los gustos y buenas papas.""}]",Todos los días: 12:00-22:00,"[{""plato"": ""Hamburguesa Clásica"", ""precio"": ""$28000""}, {""plato"": ""Hamburguesa Mexicana"", ""precio"": ""$32000""}, {""plato"": ""Hamburguesa vegetariana"", ""precio"": ""$29000""}, {""plato"": ""Papitas Rústicas"", ""precio"": ""$12000""}, {""plato"": ""Malteada"", ""precio"": ""$15000""}]","Calle 16 N #6-37, Granada",
15,Crepes & Waffles Ciudad Jardín,Variada / Postres,4.5,"Amplio menú con crepes de sal y de dulce, waffles, ensaladas y helados.",$$,URL_imagen_Crepes_Waffles_Ciudad_Jardin,"[{""autor"": ""Cliente Frecuente"", ""texto"": ""Siempre una opción segura y deliciosa, perfecto para cualquier momento del día.""}, {""autor"": ""Postrero"", ""texto"": ""Los crepes de dulce y los helados son simplemente irresistibles.""}]",Todos los días: 08:00-21:00,"[{""plato"": ""Crepe Provenzal"", ""precio"": ""$30000""}, {""plato"": ""Waffle con Frutas y Crema"", ""precio"": ""$25000""}, {""plato"": ""Ensalada Mediterránea"", ""precio"": ""$33000""}, {""plato"": ""Crepe de Pollo con Champiñones"", ""precio"": ""$31000""}, {""plato"": ""Helado Artesanal (bola)"", ""precio"": ""$9000""}]","Carrera 105 #14-88, Ciudad Jardín",
16,Storia D'amore Granada,Italiana,4.6,Restaurante italiano con un ambiente romántico y platos clásicos de la cocina italiana.,$$$,URL_imagen_Storia_Damore_Granada,"[{""autor"": ""Pareja"", ""texto"": ""El lugar perfecto para una cena romántica, ambiente y comida excelentes.""}, {""autor"": ""Amante de la Pasta"", ""texto"": ""Auténtica pasta italiana con salsas deliciosas.""}]",Consultar en sitio web,"[{""plato"": ""Lasaña Boloñesa"", ""precio"": ""$45000""}, {""plato"": ""Fetuccini Alfredo con Pollo"", ""precio"": ""$42000""}, {""plato"": ""Pizza Margarita"", ""precio"": ""$38000""}, {""plato"": ""Risotto Funghi"", ""precio"": ""$49000""}, {""plato"": ""Tiramisú"", ""precio"": ""$20000""}]","Av. 9N #14N-46, Granada",
17,El Rancho de Jonás,Carnes / Parrilla,4.5,Especialistas en carnes a la parrilla con cortes premium y ambiente campestre.,$$$,URL_imagen_Rancho_Jonas,"[{""autor"": ""Carnívoro"", ""texto"": ""La mejor carne a la parrilla de Cali, en su punto y deliciosa.""}, {""autor"": ""Familiar"", ""texto"": ""Un lugar agradable para compartir en familia y disfrutar de un buen asado.""}]",Consultar en sitio web,"[{""plato"": ""Baby Beef"", ""precio"": ""$60000""}, {""plato"": ""Churrasco"", ""precio"": ""$55000""}, {""plato"": ""Punta de Anca"", ""precio"": ""$68000""}, {""plato"": ""Morcilla"", ""precio"": ""$15000""}, {""plato"": ""Chorizo Santarrosano"", ""precio"": ""$14000""}]",Consultar dirección exacta,
18,D'Toluca Restaurante Bar,Mexicana,4.2,Restaurante y bar mexicano con música en vivo y un ambiente vibrante.,$$,URL_imagen_DToluca,"[{""autor"": ""Noche de Amigos"", ""texto"": ""Ideal para unas cervezas y unos tacos con buena música.""}, {""autor"": ""Ambiente Mexicano"", ""texto"": ""Se siente como estar en México, la decoración y la música son geniales.""}]",Consultar en sitio web,"[{""plato"": ""Tacos Surtidos (Pastor, Carnitas, Pollo)"", ""precio"": ""$35000""}, {""plato"": ""Quesadillas"", ""precio"": ""$28000""}, {""plato"": ""Burrito California"", ""precio"": ""$40000""}, {""plato"": ""Michelada"", ""precio"": ""$20000""}, {""plato"": ""Jarrito Loco"", ""precio"": ""$25000""}]",Consultar dirección exacta,
19,El Zaguán de San Antonio,Colombiana,4.3,Comida típica colombiana en el histórico barrio de San Antonio.,$$,URL_imagen_Zaguan_San_Antonio,"[{""autor"": ""Tradicional"", ""texto"": ""El sabor de la comida colombiana casera en un lugar emblemático.""}, {""autor"": ""Buen Almuerzo"", ""texto"": ""Platos del día variados y muy ricos a buen precio.""}]",Lun-Vie: 12:00-16:00; Sab-Dom: 12:00-17:00,"[{""plato"": ""Bandeja del Día"", ""precio"": ""$25000""}, {""plato"": ""Ajiaco"", ""precio"": ""$30000""}, {""plato"": ""Chuleta de Cerdo"", ""precio"": ""$28000""}, {""plato"": ""Bagre Sudado"", ""precio"": ""$35000""}, {""plato"": ""Posta Sudada"", ""precio"": ""$32000""}]","Carrera 12 #1-29, San Antonio",
20,Patio Santo,Mediterránea,4.4,Cocina mediterránea en un patio interior con un ambiente tranquilo y agradable.,$$$,URL_imagen_Patio_Santo,"[{""autor"": ""Relax"", ""texto"": ""Un oasis de tranquilidad en la ciudad con comida deliciosa.""}, {""autor"": ""Ambiente Charmant"", ""texto"": ""Ideal para una cena íntima o una tarde de conversación.""}]",Consultar en sitio web,"[{""plato"": ""Ensalada con Salmón Ahumado"", ""precio"": ""$42000""}, {""plato"": ""Risotto de Setas"", ""precio"": ""$48000""}, {""plato"": ""Filete de Pescado Blanco"", ""precio"": ""$55000""}, {""plato"": ""Provoleta a la Parrilla"", ""precio"": ""$35000""}, {""plato"": ""Tarta de Limón"", ""precio"": ""$18000""}]",Consultar dirección exacta,
21,El Quinto Pecado,De Autor,4.5,Cocina de autor con una propuesta creativa y experimental.,$$$$,URL_imagen_El_Quinto_Pecado,"[{""autor"": ""Aventurero Culinario"", ""texto"": ""Cada plato es una obra de arte, sabores y texturas sorprendentes.""}, {""autor"": ""Experiencia Única"", ""texto"": ""Un restaurante para quienes buscan algo diferente y memorable.""}]",Consultar en sitio web,"[{""plato"": ""Menú Degustación (Precio por Persona)"", ""precio"": ""$150000""}, {""plato"": ""Entrada Sorpresa del Chef"", ""precio"": ""$50000""}, {""plato"": ""Principal Innovador (varía)"", ""precio"": ""$70000""}, {""plato"": ""Postre Creativo"", ""precio"": ""$35000""}, {""plato"": ""Coctel de la Casa"", ""precio"": ""$30000""}]",Consultar dirección exacta,
22,Andrés Pasta y Pez,Italiana / Pescados y Mariscos,4.3,Combina lo mejor de la cocina italiana con frescos pescados y mariscos.,$$$,URL_imagen_Andres_Pasta_y_Pez,"[{""autor"": ""Fan de la Comida de Mar"", ""texto"": ""Deliciosa combinación de pasta y frutos de mar frescos.""}, {""autor"": ""Buena Fusión"", ""texto"": ""Ideal si te gustan tanto la comida italiana como los productos del mar.""}]",Consultar en sitio web,"[{""plato"": ""Linguini Frutti di Mare"", ""precio"": ""$55000""}, {""plato"": ""Risotto ai Gamberi"", ""precio"": ""$52000""}, {""plato"": ""Filete de Dorado en Salsa Blanca"", ""precio"": ""$60000""}, {""plato"": ""Carpaccio de Salmón"", ""precio"": ""$48000""}, {""plato"": ""Tiradito Mixto"", ""precio"": ""$45000""}]",Consultar dirección exacta,
23,Origami,Asiática / Fusión,4.4,"Cocina asiática con toques de fusión, ofreciendo sushi, woks y otros platos.",$$,URL_imagen_Origami,"[{""autor"": ""Amante de Asia"", ""texto"": ""Sabores asiáticos auténticos con un toque moderno.""}, {""autor"": ""Variedad"", ""texto"": ""Buen sushi y opciones interesantes de woks y arroces.""}]",Consultar en sitio web,"[{""plato"": ""Bandeja de Sushi Variada"", ""precio"": ""$50000""}, {""plato"": ""Wok de Pollo Teriyaki"", ""precio"": ""$38000""}, {""plato"": ""Arroz Frito Especial"", ""precio"": ""$35000""}, {""plato"": ""Rollos Primavera"", ""precio"": ""$16000""}, {""plato"": ""Sopa Miso"", ""precio"": ""$9000""}]",Consultar dirección exacta,
24,La Boqueria Menga,Internacional,4,Variedad de opciones gastronómicas en un formato similar a un mercado gourmet.,$$,URL_imagen_La_Boqueria_Menga,"[{""autor"": ""Grupo de Amigos"", ""texto"": ""Perfecto para ir en grupo, cada uno puede elegir lo que más le gusta.""}, {""autor"": ""Ambiente Informal"", ""texto"": ""Ideal para una comida casual con diferentes opciones de comida.""}]",Consultar en sitio web,"[{""plato"": ""Hamburguesa Artesanal"", ""precio"": ""$30000""}, {""plato"": ""Pizza Personal"", ""precio"": ""$28000""}, {""plato"": ""Tacos"", ""precio"": ""$25000""}, {""plato"": ""Comida de Mar (varía)"", ""precio"": ""$40000""}, {""plato"": ""Postre del Día"", ""precio"": ""$15000""}]","Consultar dirección exacta, Menga",
25,Sirena Gourmet,Pescados y Mariscos / Mediterránea,4.4,"Cocina de mar con influencias mediterráneas, ofreciendo platos frescos y creativos.",$$$,URL_imagen_Sirena_Gourmet,"[{""autor"": ""Comida Deliciosa"", ""texto"": ""Combinación perfecta de sabores del mar y toques mediterráneos.""}, {""autor"": ""Presentación Impecable"", ""texto"": ""Los platos son hermosos y deliciosos.""}]",Consultar en sitio web,"[{""plato"": ""Pulpo a la Provenzal"", ""precio"": ""$65000""}, {""plato"": ""Risotto Negro con Calamar"", ""precio"": ""$60000""}, {""plato"": ""Filete de Robalo a la Marinera"", ""precio"": ""$58000""}, {""plato"": ""Carpaccio de Atún"", ""precio"": ""$52000""}, {""plato"": ""Tostadas de Camarones"", ""precio"": ""$38000""}]",Consultar dirección exacta,
26,Rodizio Rio D'Enero Ciudad Jardin,Brasilera / Carnes,4.5,Espacio para disfrutar de espadas brasileñas y cortes de carne al estilo rodizio.,$$$,URL_imagen_Rodizio_Rio_Denero,"[{""autor"": ""Carnívoro Feliz"", ""texto"": ""Un paraíso para los amantes de la carne, excelente variedad y calidad.""}, {""autor"": ""Experiencia Churrascaría"", ""texto"": ""La atención es muy buena y la carne no deja de llegar.""}]",Consultar en sitio web,"[{""plato"": ""Rodizio Tradicional (Precio por Persona)"", ""precio"": ""$70000""}, {""plato"": ""Picaña"", ""precio"": ""Incluido en Rodizio""}, {""plato"": ""Punta de Anca"", ""precio"": ""Incluido en Rodizio""}, {""plato"": ""Corazón de Pollo"", ""precio"": ""Incluido en Rodizio""}, {""plato"": ""Barra de Ensaladas y Guarniciones"", ""precio"": ""Incluido en Rodizio""}]","Consultar dirección exacta, Ciudad Jardín",
27,Fogon del Mar,Pacífico Colombiano,4.3,Sabores auténticos del Pacífico colombiano preparados a la leña.,$$,URL_imagen_Fogon_del_Mar,"[{""autor"": ""Sabor Ancestral"", ""texto"": ""La verdadera cocina del Pacífico con el toque ahumado del fogón.""}, {""autor"": ""Recomendado"", ""texto"": ""El pescado ahumado es espectacular y los acompañamientos perfectos.""}]",Consultar en sitio web,"[{""plato"": ""Pescado Ahumado con Arroz de Tumbacatre"", ""precio"": ""$50000""}, {""plato"": ""Cazuela Vallenata"", ""precio"": ""$45000""}, {""plato"": ""Encocado de Camarones"", ""precio"": ""$48000""}, {""plato"": ""Arroz Clavado"", ""precio"": ""$40000""}, {""plato"": ""Abocollo"", ""precio"": ""$18000""}]",Consultar dirección exacta,
28,Mar Peruano,Peruana,4.4,"Auténtica cocina peruana con ceviches, tiraditos y platos criollos.",$$,URL_imagen_Mar_Peruano,"[{""autor"": ""Fan de Perú"", ""texto"": ""Los mejores ceviches de Cali, sabor fresco y auténtico.""}, {""autor"": ""Excelente Opción"", ""texto"": ""Variedad de platos peruanos bien logrados y a buen precio.""}]",Consultar en sitio web,"[{""plato"": ""Ceviche Clásico"", ""precio"": ""$38000""}, {""plato"": ""Lomo Saltado"", ""precio"": ""$42000""}, {""plato"": ""Arroz Chaufa de Pollo"", ""precio"": ""$35000""}, {""plato"": ""Tiradito Nikkei"", ""precio"": ""$40000""}, {""plato"": ""Causa Rellena"", ""precio"": ""$28000""}]",Consultar dirección exacta,
29,El Zaguan de San Antonio,Colombiana,4.3,Cocina tradicional colombiana en un ambiente histórico y cultural en San Antonio.,$$,URL_imagen_El_Zaguan_de_San_Antonio,"[{""autor"": ""Viajero"", ""texto"": ""Un pedacito de la historia de Cali con sabores auténticos.""}, {""autor"": ""Almuerzo Tradicional"", ""texto"": ""Ideal para probar platos típicos en un entorno con encanto.""}]",Consultar en sitio web,"[{""plato"": ""Bandeja Típica"", ""precio"": ""$30000""}, {""plato"": ""Sancocho de Cola"", ""precio"": ""$33000""}, {""plato"": ""Bagre Frito"", ""precio"": ""$36000""}, {""plato"": ""Empanadas Vallunas"", ""precio"": ""$7000""}, {""plato"": ""Aborrajados"", ""precio"": ""$8000""}]","Carrera 12 #1-29, San Antonio",
30,Vegetariano El Buen Alimento,Vegetariana,4.5,Opciones vegetarianas y veganas creativas y deliciosas para una comida saludable.,$,,"[{""autor"": ""Vegetariano"", ""texto"": ""Una excelente opción con mucha variedad y sabor para vegetarianos y veganos.""}, {""autor"": ""Saludable"", ""texto"": ""Comida fresca, saludable y muy bien preparada.""}]",Lun-Vie: 08:00-16:00; Sab: 08:00-15:00; Dom: Cerrado,"[{""plato"": ""Menú del Día Vegetariano"", ""precio"": ""$18000""}, {""plato"": ""Hamburguesa de Lentejas"", ""precio"": ""$25000""}, {""plato"": ""Wrap de Vegetales"", ""precio"": ""$22000""}, {""plato"": ""Ensalada Grande"", ""precio"": ""$20000""}, {""plato"": ""Jugo Verde"", ""precio"": ""$9000""}]","Carrera 70 #13 A 45, Bosques Del Limonar",
31,El Rancho de Jonás Pance,Carnes / Parrilla,4.4,"Sede de El Rancho de Jonás en Pance, ideal para disfrutar de carnes a la parrilla en un ambiente más alejado del centro.",$$$,URL_imagen_Rancho_Jonas_Pance,"[{""autor"": ""Escape de la Ciudad"", ""texto"": ""Perfecto para un plan de fin de semana, buena carne y entorno agradable.""}, {""autor"": ""Parrilla"", ""texto"": ""La misma calidad de carne que en la otra sede, excelente opción en el sur.""}]",Consultar en sitio web,"[{""plato"": ""Lomo Viche a la Parrilla"", ""precio"": ""$58000""}, {""plato"": ""Entraña"", ""precio"": ""$62000""}, {""plato"": ""Pollo a la Brasa"", ""precio"": ""$40000""}, {""plato"": ""Papas a la Francesa"", ""precio"": ""$12000""}, {""plato"": ""Ensalada"", ""precio"": ""$10000""}]","Consultar dirección exacta, Pance",
32,La Comitiva,Fusión / Colombiana,4.5,Cocina colombiana con toques modernos y presentaciones creativas.,$$$,URL_imagen_La_Comitiva,"[{""autor"": ""Crítico Local"", ""texto"": ""Una propuesta interesante que rescata sabores tradicionales con técnicas de vanguardia.""}, {""autor"": ""Experiencia Gourmet"", ""texto"": ""Platos sorprendentes y un ambiente muy agradable.""}]",Consultar en sitio web,"[{""plato"": ""Pulpo a la Parrilla con Hogao"", ""precio"": ""$65000""}, {""plato"": ""Arroz Atollado de Mariscos"", ""precio"": ""$60000""}, {""plato"": ""Ceviche de Chontaduro"", ""precio"": ""$48000""}, {""plato"": ""Lomo de Cerdo Glaseado"", ""precio"": ""$55000""}, {""plato"": ""Postre de Lulo"", ""precio"": ""$20000""}]",Consultar dirección exacta,
33,Restaurante Rayuela,Argentina,4.3,Auténtica parrilla argentina con cortes de carne importados y ambiente tanguero.,$$$,URL_imagen_Rayuela,"[{""autor"": ""Amante de la Carne Argentina"", ""texto"": ""La mejor carne argentina en Cali, jugosa y con el sabor característico.""}, {""autor"": ""Noche de Tango"", ""texto"": ""Excelente comida y si hay show de tango, la experiencia es completa.""}]",Consultar en sitio web,"[{""plato"": ""Bife de Chorizo"", ""precio"": ""$70000""}, {""plato"": ""Ojo de Bife"", ""precio"": ""$75000""}, {""plato"": ""Asado de Tira"", ""precio"": ""$68000""}, {""plato"": ""Empanadas Argentinas (unidad)"", ""precio"": ""$9000""}, {""plato"": ""Provoleta"", ""precio"": ""$30000""}]",Consultar dirección exacta,
34,Zumaia,Colombiana / Fusión,4.2,Cocina colombiana con toques de fusión y presentaciones modernas.,$$$,URL_imagen_Zumaia,"[{""autor"": ""Crítico Culinario"", ""texto"": ""Una propuesta arriesgada que combina ingredientes locales de forma interesante.""}, {""autor"": ""Platos Diferentes"", ""texto"": ""Si buscas algo fuera de lo común, este es el lugar.""}]",Consultar en sitio web,"[{""plato"": ""Pescado con Salsa de Maracuyá"", ""precio"": ""$58000""}, {""plato"": ""Cerdito Confitado"", ""precio"": ""$52000""}, {""plato"": ""Tartar de Trucha"", ""precio"": ""$45000""}, {""plato"": ""Sopa Fría de Aguacate"", ""precio"": ""$25000""}, {""plato"": ""Brownie con Helado de Vainilla y Arequipe"", ""precio"": ""$19000""}]",Consultar dirección exacta,
35,Trilogía,De Autor,4.5,Restaurante de autor con una propuesta gastronómica basada en la investigación y experimentación.,$$$$,URL_imagen_Trilogia,"[{""autor"": ""Experiencia Sensorial"", ""texto"": ""Cada plato es un viaje de sabores y texturas, una verdadera obra de arte.""}, {""autor"": ""Alta Cocina"", ""texto"": ""Ideal para paladares exigentes que disfrutan de la innovación en la cocina.""}]",Consultar en sitio web,"[{""plato"": ""Menú Degustación (Varía Estacionalmente)"", ""precio"": ""$200000""}, {""plato"": ""Entrada de la Casa"", ""precio"": ""$60000""}, {""plato"": ""Principal Exclusivo"", ""precio"": ""$80000""}, {""plato"": ""Postre Conceptual"", ""precio"": ""$40000""}, {""plato"": ""Maridaje de Vinos (Adicional)"", ""precio"": ""$100000""}]",Consultar dirección exacta,
36,El Patio del Museo,Internacional,4.1,"Ubicado en un entorno artístico, ofrece platos internacionales en un patio colonial.",$$$,URL_imagen_Patio_del_Museo,"[{""autor"": ""Cultura y Comida"", ""texto"": ""Combina una visita al museo con un almuerzo o cena agradable.""}, {""autor"": ""Ambiente Colonial"", ""texto"": ""Un lugar tranquilo con un toque histórico y buena comida.""}]",Consultar en sitio web,"[{""plato"": ""Lomo Salteado Clásico"", ""precio"": ""$50000""}, {""plato"": ""Pasta Carbonara"", ""precio"": ""$38000""}, {""plato"": ""Ensalada Caprese"", ""precio"": ""$30000""}, {""plato"": ""Pechuga de Pollo a la Plancha"", ""precio"": ""$35000""}, {""plato"": ""Crema de Tomate"", ""precio"": ""$20000""}]",Consultar dirección exacta (cerca a museos),
37,Mascabado Cocina Artesanal y Casa de Té,Saludable / Café,4.6,"Opciones de comida saludable, panadería artesanal y una amplia variedad de tés.",$$,URL_imagen_Mascabado,"[{""autor"": ""Saludable y Delicioso"", ""texto"": ""El lugar perfecto para comer rico y cuidar la salud.""}, {""autor"": ""Fan del Té"", ""texto"": ""Gran selección de tés y postres saludables.""}]",Consultar en sitio web,"[{""plato"": ""Bowl de Quinoa con Vegetales"", ""precio"": ""$32000""}, {""plato"": ""Sándwich en Pan Artesanal"", ""precio"": ""$28000""}, {""plato"": ""Tostadas con Aguacate y Huevo"", ""precio"": ""$25000""}, {""plato"": ""Té Frío de Frutos Rojos"", ""precio"": ""$12000""}, {""plato"": ""Postre sin Azúcar"", ""precio"": ""$18000""}]",Consultar dirección exacta,
38,Absenta Cali,Bar / Tapas,4.3,"Bar con ambiente alternativo, coctelería creativa y algunas opciones de comida.",$$,URL_imagen_Absenta,"[{""autor"": ""Noche Alternativa"", ""texto"": ""Ideal para tomar algo diferente en un ambiente único.""}, {""autor"": ""Buenos Tragos"", ""texto"": ""Cocteles de autor muy bien preparados.""}]",Consultar en sitio web,"[{""plato"": ""Tapas Variadas"", ""precio"": ""$35000""}, {""plato"": ""Mini Pizzas"", ""precio"": ""$20000""}, {""plato"": ""Coctel Absenta"", ""precio"": ""$30000""}, {""plato"": ""Cerveza Artesanal"", ""precio"": ""$15000""}, {""plato"": ""Papitas con Salsas"", ""precio"": ""$10000""}]","Consultar dirección exacta, Barrio Peñón",
39,Odiseo Bistró,Mediterránea,4.4,"Bistró con influencia mediterránea, platos elaborados con ingredientes frescos.",$$$,URL_imagen_Odiseo_Bistro,"[{""autor"": ""Cena Deliciosa"", ""texto"": ""Comida mediterránea auténtica en un ambiente acogedor.""}, {""autor"": ""Recomendado"", ""texto"": ""El servicio es atento y los platos principales muy buenos.""}]",Consultar en sitio web,"[{""plato"": ""Filete Mignon con Salsa de Pimienta"", ""precio"": ""$68000""}, {""plato"": ""Salmón a la Plancha con Espárragos"", ""precio"": ""$60000""}, {""plato"": ""Carpaccio de Res"", ""precio"": ""$48000""}, {""plato"": ""Risotto de Hongos Silvestres"", ""precio"": ""$55000""}, {""plato"": ""Crema Catalana"", ""precio"": ""$22000""}]",Avenida 9 Norte #10-107,
40,Waunana Restaurante,Pacífico Colombiano,4.5,Explora los sabores exóticos y auténticos de la costa Pacífica colombiana.,$$$,URL_imagen_Waunana,"[{""autor"": ""Experiencia Pacífica"", ""texto"": ""Una inmersión en la cultura y gastronomía del Pacífico, delicioso y diferente.""}, {""autor"": ""Sabor Único"", ""texto"": ""Recomendado probar los platos con mariscos y pescados frescos de la región.""}]",Consultar en sitio web,"[{""plato"": ""Arroz Caldoso de Jaiba"", ""precio"": ""$60000""}, {""plato"": ""Pescado Fresco Frito con Tostones"", ""precio"": ""$55000""}, {""plato"": ""Cazuela de Mariscos del Pacífico"", ""precio"": ""$63000""}, {""plato"": ""Abocollo de Camarones"", ""precio"": ""$20000""}, {""plato"": ""Jugo de Borojó"", ""precio"": ""$10000""}]",Consultar dirección exacta,
41,La Cocina Cali,Colombiana,4,Ofrece platos representativos de la cocina colombiana en un ambiente casual.,$$,URL_imagen_La_Cocina_Cali,"[{""autor"": ""Comida Casera"", ""texto"": ""Si extrañas la comida de casa colombiana, este es un buen lugar.""}, {""autor"": ""Almuerzo Diario"", ""texto"": ""Opciones de menú del día a buen precio y con buen sabor.""}]",Consultar en sitio web,"[{""plato"": ""Bandeja del Día (varía)"", ""precio"": ""$22000""}, {""plato"": ""Sancocho"", ""precio"": ""$28000""}, {""plato"": ""Posta Sudada"", ""precio"": ""$30000""}, {""plato"": ""Ajiaco"", ""precio"": ""$26000""}, {""plato"": ""Jugo Natural"", ""precio"": ""$6000""}]",Consultar dirección exacta,
42,Monchis by Coky,Internacional / Americana,4.1,Propuesta de comida internacional con énfasis en platos para compartir y ambiente juvenil.,$$,URL_imagen_Monchis_by_Coky,"[{""autor"": ""Grupo Joven"", ""texto"": ""Ideal para ir con amigos, pedir varias cosas para picar y pasar un buen rato.""}, {""autor"": ""Comida Casual"", ""texto"": ""Opciones variadas y sabrosas en un ambiente relajado.""}]",Consultar en sitio web,"[{""plato"": ""Mini Burgers"", ""precio"": ""$30000""}, {""plato"": ""Alitas BBQ"", ""precio"": ""$28000""}, {""plato"": ""Nachos con Queso"", ""precio"": ""$22000""}, {""plato"": ""Costillitas BBQ"", ""precio"": ""$45000""}, {""plato"": ""Papas con Cheddar y Tocineta"", ""precio"": ""$18000""}]",Consultar dirección exacta,
43,El Valencià,Española,4.2,Restaurante de comida española con platos típicos como paella y tapas.,$$$,URL_imagen_El_Valencia,"[{""autor"": ""Fan de la Paella"", ""texto"": ""La paella es muy buena, bien de sabor y cantidad.""}, {""autor"": ""Ambiente Español"", ""texto"": ""Se siente un pedacito de España en Cali.""}]",Consultar en sitio web,"[{""plato"": ""Paella Valenciana"", ""precio"": ""$70000""}, {""plato"": ""Arroz Negro"", ""precio"": ""$72000""}, {""plato"": ""Gambas al Ajillo"", ""precio"": ""$38000""}, {""plato"": ""Croquetas de Jamón"", ""precio"": ""$25000""}, {""plato"": ""Sangría (jarra)"", ""precio"": ""$50000""}]",Consultar dirección exacta,
44,Simón Parrilla,Carnes / Parrilla,4.4,Reconocido restaurante de parrilla con cortes de carne y ambiente familiar.,$$$,URL_imagen_Simon_Parrilla,"[{""autor"": ""Fan de la Parrilla"", ""texto"": ""Siempre una excelente opción para comer buena carne en Cali.""}, {""autor"": ""Familiar"", ""texto"": ""Buen servicio y un lugar adecuado para ir con toda la familia.""}]",Consultar en sitio web,"[{""plato"": ""Punta de Anca"", ""precio"": ""$65000""}, {""plato"": ""Baby Beef"", ""precio"": ""$62000""}, {""plato"": ""Lomo de Cerdo"", ""precio"": ""$50000""}, {""plato"": ""Costillas BBQ"", ""precio"": ""$55000""}, {""plato"": ""Papas Fritas"", ""precio"": ""$12000""}]",Consultar dirección exacta (Evitar sedes repetidas),
45,Llanera & Carbón Parrilla Gourmet,Mamona / Parrilla,4.5,Especialistas en carne a la llanera (mamona) y otros cortes a la parrilla.,$$,URL_imagen_Llanera_Carbon,"[{""autor"": ""Amante de la Mamona"", ""texto"": ""El auténtico sabor de la mamona llanera en Cali.""}, {""autor"": ""Parrilla"", ""texto"": ""Excelente carne y un ambiente muy de parrilla.""}]",Consultar en sitio web,"[{""plato"": ""Mamona (porción)"", ""precio"": ""$40000""}, {""plato"": ""Chorizo"", ""precio"": ""$10000""}, {""plato"": ""Morcilla"", ""precio"": ""$9000""}, {""plato"": ""Papas Casco"", ""precio"": ""$15000""}, {""plato"": ""Guacamole con Tostones"", ""precio"": ""$20000""}]",Consultar dirección exacta,
46,Clowns Deli,Sandwiches / Comida Rápida,4.2,"Variedad de sándwiches, ensaladas y opciones rápidas e informales.",$,,"[{""autor"": ""Almuerzo Rápido"", ""texto"": ""Buenos sándwiches para un almuerzo rápido y diferente.""}, {""autor"": ""Opciones Frescas"", ""texto"": ""Ingredientes frescos y combinaciones interesantes en los sándwiches.""}]",Consultar en sitio web,"[{""plato"": ""Sándwich de Pollo"", ""precio"": ""$20000""}, {""plato"": ""Sándwich Vegetariano"", ""precio"": ""$18000""}, {""plato"": ""Ensalada del Día"", ""precio"": ""$22000""}, {""plato"": ""Papas Poutine"", ""precio"": ""$15000""}, {""plato"": ""Sopa del Día"", ""precio"": ""$10000""}]",Consultar dirección exacta,
47,Sushi Green,Sushi / Asiática,4,Opciones de sushi y otros platos asiáticos con un enfoque saludable.,$$,URL_imagen_Sushi_Green,"[{""autor"": ""Fan del Sushi"", ""texto"": ""Buen sushi a buen precio, una opción rápida y saludable.""}, {""autor"": ""Variedad de Rolls"", ""texto"": ""Amplia variedad de rolls para elegir.""}]",Consultar en sitio web,"[{""plato"": ""Roll California"", ""precio"": ""$25000""}, {""plato"": ""Roll Filadelfia"", ""precio"": ""$28000""}, {""plato"": ""Bandeja Mixta de Sushi"", ""precio"": ""$45000""}, {""plato"": ""Wok de Pollo y Vegetales"", ""precio"": ""$30000""}, {""plato"": ""Sopa Miso"", ""precio"": ""$8000""}]",Consultar dirección exacta,
48,El Pargo Rojo,Pacífico Colombiano / Pescados,4.4,Especializado en pargo rojo y otros pescados frescos de la costa Pacífica.,$$,URL_imagen_El_Pargo_Rojo,"[{""autor"": ""Pescado Fresco"", ""texto"": ""El pargo rojo frito es espectacular, muy fresco y bien preparado.""}, {""autor"": ""Sabor Pacífica"", ""texto"": ""Si te gusta el pescado de mar, este es el lugar ideal.""}]",Consultar en sitio web,"[{""plato"": ""Pargo Rojo Frito (Precio según Tamaño)"", ""precio"": ""$50000+""}, {""plato"": ""Filete de Pescado Sudado"", ""precio"": ""$40000""}, {""plato"": ""Cazuela de Mariscos"", ""precio"": ""$48000""}, {""plato"": ""Arroz con Coco"", ""precio"": ""$10000""}, {""plato"": ""Patacones"", ""precio"": ""$9000""}]","Carrera 9 #2–09, Barrio San Antonio",
49,Morada Ancestral,Vallecaucana / Fusión,4.6,Cocina ancestral del Valle del Cauca con toques contemporáneos en un ambiente que evoca la tradición.,$$$,URL_imagen_Morada_Ancestral,"[{""autor"": ""Explorador de Raíces"", ""texto"": ""Una experiencia que honra la tradición valluna con creatividad y sabor.""}, {""autor"": ""Cocina con Historia"", ""texto"": ""Platos que cuentan una historia y un ambiente que te transporta.""}]",Consultar en sitio web,"[{""plato"": ""Cerdo Ahumado con Glaseado de Lulo"", ""precio"": ""$55000""}, {""plato"": ""Arroz Atollado del Pacífico"", ""precio"": ""$48000""}, {""plato"": ""Pulpo a las Brasas con Chimichurri Valluno"", ""precio"": ""$68000""}, {""plato"": ""Bollo de Maíz con Hogao"", ""precio"": ""$20000""}, {""plato"": ""Postre de Brevas con Queso"", ""precio"": ""$18000""}]",Consultar dirección exacta,
50,Papagayo Gastrobar,Gastrobar / Internacional,4.3,Gastrobar con una propuesta variada de platos y cocteles en un ambiente moderno.,$$,URL_imagen_Papagayo,"[{""autor"": ""Noche Casual"", ""texto"": ""Ideal para ir a tomar algo y picar, buen ambiente y música.""}, {""autor"": ""Variedad en el Menú"", ""texto"": ""Opciones interesantes para compartir y platos fuertes variados.""}]",Consultar en sitio web,"[{""plato"": ""Mini Tacos de Res"", ""precio"": ""$28000""}, {""plato"": ""Sliders (Mini Hamburguesas)"", ""precio"": ""$32000""}, {""plato"": ""Coctel de la Casa"", ""precio"": ""$25000""}, {""plato"": ""Flatbreads (Pan Plano)"", ""precio"": ""$20000""}, {""plato"": ""Papitas Bravas"", ""precio"": ""$18000""}]",Consultar dirección exacta,
51,El Quinto Pecado,De Autor,4.5,Cocina de autor con una propuesta creativa y experimental.,$$$$,URL_imagen_El_Quinto_Pecado,"[{""autor"": ""Aventurero Culinario"", ""texto"": ""Cada plato es una obra de arte, sabores y texturas sorprendentes.""}, {""autor"": ""Experiencia Única"", ""texto"": ""Un restaurante para quienes buscan algo diferente y memorable.""}]",Consultar en sitio web,"[{""plato"": ""Menú Degustación (Precio por Persona)"", ""precio"": ""$180000""}, {""plato"": ""Entrada Sorpresa del Chef"", ""precio"": ""$55000""}, {""plato"": ""Principal Innovador (varía)"", ""precio"": ""$75000""}, {""plato"": ""Postre Creativo"", ""precio"": ""$38000""}, {""plato"": ""Maridaje de Vinos (Adicional)"", ""precio"": ""$120000""}]",Consultar dirección exacta,
52,Andrés Pasta y Pez,Italiana / Pescados y Mariscos,4.3,Combina lo mejor de la cocina italiana con frescos pescados y mariscos.,$$$,URL_imagen_Andres_Pasta_y_Pez,"[{""autor"": ""Fan de la Comida de Mar"", ""texto"": ""Deliciosa combinación de pasta y frutos de mar frescos.""}, {""autor"": ""Buena Fusión"", ""texto"": ""Ideal si te gustan tanto la comida italiana como los productos del mar.""}]",Consultar en sitio web,"[{""plato"": ""Linguini Frutti di Mare"", ""precio"": ""$58000""}, {""plato"": ""Risotto ai Gamberi"", ""precio"": ""$55000""}, {""plato"": ""Filete de Dorado en Salsa Blanca"", ""precio"": ""$63000""}, {""plato"": ""Carpaccio de Salmón"", ""precio"": ""$50000""}, {""plato"": ""Tiradito Mixto"", ""precio"": ""$48000""}]",Consultar dirección exacta,
53,Origami,Asiática / Fusión,4.4,"Cocina asiática con toques de fusión, ofreciendo sushi, woks y otros platos.",$$,URL_imagen_Origami,"[{""autor"": ""Amante de Asia"", ""texto"": ""Sabores asiáticos auténticos con un toque moderno.""}, {""autor"": ""Variedad"", ""texto"": ""Buen sushi y opciones interesantes de woks y arroces.""}]",Consultar en sitio web,"[{""plato"": ""Bandeja de Sushi Variada"", ""precio"": ""$52000""}, {""plato"": ""Wok de Pollo Teriyaki"", ""precio"": ""$40000""}, {""plato"": ""Arroz Frito Especial"", ""precio"": ""$38000""}, {""plato"": ""Rollos Primavera"", ""precio"": ""$17000""}, {""plato"": ""Sopa Miso"", ""precio"": ""$9000""}]",Consultar dirección exacta,
54,La Boqueria Menga,Internacional,4,Variedad de opciones gastronómicas en un formato similar a un mercado gourmet.,$$,URL_imagen_La_Boqueria_Menga,"[{""autor"": ""Grupo de Amigos"", ""texto"": ""Perfecto para ir en grupo, cada uno puede elegir lo que más le gusta.""}, {""autor"": ""Ambiente Informal"", ""texto"": ""Ideal para una comida casual con diferentes opciones de comida.""}]",Consultar en sitio web,"[{""plato"": ""Hamburguesa Artesanal"", ""precio"": ""$32000""}, {""plato"": ""Pizza Personal"", ""precio"": ""$30000""}, {""plato"": ""Tacos"", ""precio"": ""$28000""}, {""plato"": ""Comida de Mar (varía)"", ""precio"": ""$42000""}, {""plato"": ""Postre del Día"", ""precio"": ""$16000""}]","Consultar dirección exacta, Menga",
55,Sirena Gourmet,Pescados y Mariscos / Mediterránea,4.4,"Cocina de mar con influencias mediterráneas, ofreciendo platos frescos y creativos.",$$$,URL_imagen_Sirena_Gourmet,"[{""autor"": ""Comida Deliciosa"", ""texto"": ""Combinación perfecta de sabores del mar y toques mediterráneos.""}, {""autor"": ""Presentación Impecable"", ""texto"": ""Los platos son hermosos y deliciosos.""}]",Consultar en sitio web,"[{""plato"": ""Pulpo a la Provenzal"", ""precio"": ""$68000""}, {""plato"": ""Risotto Negro con Calamar"", ""precio"": ""$63000""}, {""plato"": ""Filete de Robalo a la Marinera"", ""precio"": ""$60000""}, {""plato"": ""Carpaccio de Atún"", ""precio"": ""$55000""}, {""plato"": ""Tostadas de Camarones"", ""precio"": ""$40000""}]",Consultar dirección exacta,
56,Rodizio Rio D'Enero Ciudad Jardin,Brasilera / Carnes,4.5,Espacio para disfrutar de espadas brasileñas y cortes de carne al estilo rodizio.,$$$,URL_imagen_Rodizio_Rio_Denero,"[{""autor"": ""Carnívoro Feliz"", ""texto"": ""Un paraíso para los amantes de la carne, excelente variedad y calidad.""}, {""autor"": ""Experiencia Churrascaría"", ""texto"": ""La atención es muy buena y la carne no deja de llegar.""}]",Consultar en sitio web,"[{""plato"": ""Rodizio Tradicional (Precio por Persona)"", ""precio"": ""$75000""}, {""plato"": ""Picaña"", ""precio"": ""Incluido en Rodizio""}, {""plato"": ""Punta de Anca"", ""precio"": ""Incluido en Rodizio""}, {""plato"": ""Corazón de Pollo"", ""precio"": ""Incluido en Rodizio""}, {""plato"": ""Barra de Ensaladas y Guarniciones"", ""precio"": ""Incluido en Rodizio""}]","Consultar dirección exacta, Ciudad Jardín",
57,Fogon del Mar,Pacífico Colombiano,4.3,Sabores auténticos del Pacífico colombiano preparados a la leña.,$$,URL_imagen_Fogon_del_Mar,"[{""autor"": ""Sabor Ancestral"", ""texto"": ""La verdadera cocina del Pacífico con el toque ahumado del fogón.""}, {""autor"": ""Recomendado"", ""texto"": ""El pescado ahumado es espectacular y los acompañamientos perfectos.""}]",Consultar en sitio web,"[{""plato"": ""Pescado Ahumado con Arroz de Tumbacatre"", ""precio"": ""$52000""}, {""plato"": ""Cazuela Vallenata"", ""precio"": ""$48000""}, {""plato"": ""Encocado de Camarones"", ""precio"": ""$50000""}, {""plato"": ""Arroz Clavado"", ""precio"": ""$42000""}, {""plato"": ""Abocollo"", ""precio"": ""$19000""}]",Consultar dirección exacta,
58,Mar Peruano,Peruana,4.4,"Auténtica cocina peruana con ceviches, tiraditos y platos criollos.",$$,URL_imagen_Mar_Peruano,"[{""autor"": ""Fan de Perú"", ""texto"": ""Los mejores ceviches de Cali, sabor fresco y auténtico.""}, {""autor"": ""Excelente Opción"", ""texto"": ""Variedad de platos peruanos bien logrados y a buen precio.""}]",Consultar en sitio web,"[{""plato"": ""Ceviche Clásico"", ""precio"": ""$40000""}, {""plato"": ""Lomo Saltado"", ""precio"": ""$45000""}, {""plato"": ""Arroz Chaufa de Pollo"", ""precio"": ""$38000""}, {""plato"": ""Tiradito Nikkei"", ""precio"": ""$42000""}, {""plato"": ""Causa Rellena"", ""precio"": ""$30000""}]",Consultar dirección exacta,
59,Sisa Atahualpa,Peruana / Fusión,4.5,Cocina peruana con toques de fusión y presentaciones creativas.,$$$,URL_imagen_Sisa_Atahualpa,"[{""autor"": ""Experiencia Peruana"", ""texto"": ""Una propuesta diferente de comida peruana, sabores sorprendentes.""}, {""autor"": ""Platos con Estilo"", ""texto"": ""La presentación de los platos es impecable y el sabor delicioso.""}]",Consultar en sitio web,"[{""plato"": ""Ceviche Fusión"", ""precio"": ""$45000""}, {""plato"": ""Lomo Saltado con Quinoa"", ""precio"": ""$48000""}, {""plato"": ""Pulpo Anticuchero"", ""precio"": ""$60000""}, {""plato"": ""Arroz con Pato"", ""precio"": ""$55000""}, {""plato"": ""Suspiro a la Limeña"", ""precio"": ""$22000""}]",Consultar dirección exacta,
60,El Muelle Marino Alameda,Pescados y Mariscos,4,Comida de mar fresca en el ambiente popular de la Galería Alameda.,$$,URL_imagen_El_Muelle_Marino,"[{""autor"": ""Local"", ""texto"": ""Buen lugar para comer pescado fresco a buen precio en la Galería.""}, {""autor"": ""Sabor Popular"", ""texto"": ""Ambiente auténtico y comida de mar con sabor casero.""}]",Consultar en sitio web,"[{""plato"": ""Pescado Frito"", ""precio"": ""$35000""}, {""plato"": ""Cazuela de Mariscos"", ""precio"": ""$40000""}, {""plato"": ""Arroz con Camarones"", ""precio"": ""$38000""}, {""plato"": ""Sopa de Pescado"", ""precio"": ""$15000""}, {""plato"": ""Patacones"", ""precio"": ""$8000""}]","Galería Alameda (Consultar Local), Comuna 9",
61,Chilli Chang Asian Bistro And Sushi Bar Santa Monica,Asiática / Sushi,4.2,"Bistro con opciones de comida asiática, sushi y bar.",$$,URL_imagen_Chilli_Chang,"[{""autor"": ""Fan de Asia"", ""texto"": ""Variedad de platos asiáticos y buen sushi en un ambiente moderno.""}, {""autor"": ""Salida Casual"", ""texto"": ""Ideal para ir con amigos a comer algo rico y diferente.""}]",Consultar en sitio web,"[{""plato"": ""Pad Thai de Pollo"", ""precio"": ""$38000""}, {""plato"": ""Sushi Roll Especial"", ""precio"": ""$30000""}, {""plato"": ""Arroz Frito con Camarones"", ""precio"": ""$36000""}, {""plato"": ""Spring Rolls"", ""precio"": ""$15000""}, {""plato"": ""Coctel Tiki"", ""precio"": ""$28000""}]","Consultar dirección exacta, Santa Monica",
62,El Refugio,Colombiana / Campestre,4.1,Comida típica colombiana en un ambiente campestre a las afueras de la ciudad.,$$,URL_imagen_El_Refugio,"[{""autor"": ""Escape de Fin de Semana"", ""texto"": ""Ideal para un paseo de olla y disfrutar de la naturaleza con buena comida.""}, {""autor"": ""Sabor Casero"", ""texto"": ""Comida colombiana con el toque de campo.""}]",Consultar en sitio web,"[{""plato"": ""Sancocho de Gallina Campesino"", ""precio"": ""$35000""}, {""plato"": ""Bandeja Campesina"", ""precio"": ""$30000""}, {""plato"": ""Trucha Frita"", ""precio"": ""$38000""}, {""plato"": ""Patacón con Hogao"", ""precio"": ""$9000""}, {""plato"": ""Lulada"", ""precio"": ""$7000""}]",Consultar dirección exacta (zona rural/campestre),
63,El Gringo Cali restaurant,Americana,4,"Comida americana con hamburguesas, costillas y otros platos clásicos.",$$,URL_imagen_El_Gringo,"[{""autor"": ""Fan de la Comida Americana"", ""texto"": ""Buenas hamburguesas y costillas al estilo americano.""}, {""autor"": ""Casual"", ""texto"": ""Un lugar informal para comer algo rápido y sabroso.""}]",Consultar en sitio web,"[{""plato"": ""Hamburguesa Doble Carne"", ""precio"": ""$35000""}, {""plato"": ""Costillas BBQ"", ""precio"": ""$48000""}, {""plato"": ""Aros de Cebolla"", ""precio"": ""$15000""}, {""plato"": ""Malteada de Vainilla"", ""precio"": ""$18000""}, {""plato"": ""Papas Fritas con Queso y Tocineta"", ""precio"": ""$20000""}]",Consultar dirección exacta,
64,Lunas de Beraca Parque del Perro,Fusión,4.2,Propuesta de comida fusión en el popular Parque del Perro.,$$,URL_imagen_Lunas_de_Beraca,"[{""autor"": ""Variedad"", ""texto"": ""Opciones interesantes de fusión para compartir y probar diferentes sabores.""}, {""autor"": ""Ambiente Nocturno"", ""texto"": ""Ideal para ir en la noche a comer algo y tomar algo.""}]",Consultar en sitio web,"[{""plato"": ""Mini Burgers de Sabores"", ""precio"": ""$30000""}, {""plato"": ""Tacos de Pescado"", ""precio"": ""$28000""}, {""plato"": ""Patacones con Toppings"", ""precio"": ""$25000""}, {""plato"": ""Coctel de la Casa"", ""precio"": ""$26000""}, {""plato"": ""Alitas Picantes"", ""precio"": ""$22000""}]","Parque del Perro, Consultar dirección exacta",
65,Say Aloha,Internacional,4.1,Concepto con influencias hawaianas y opciones de bowls y platos frescos.,$$,URL_imagen_Say_Aloha,"[{""autor"": ""Comida Fresca"", ""texto"": ""Ideal para una comida ligera y refrescante, los bowls son muy buenos.""}, {""autor"": ""Ambiente Tropical"", ""texto"": ""Decoración agradable que te hace sentir de vacaciones.""}]",Consultar en sitio web,"[{""plato"": ""Poke Bowl Salmón"", ""precio"": ""$38000""}, {""plato"": ""Bowl de Pollo Teriyaki"", ""precio"": ""$35000""}, {""plato"": ""Ensalada Tropical"", ""precio"": ""$28000""}, {""plato"": ""Smoothie de Frutas"", ""precio"": ""$15000""}, {""plato"": ""Spring Rolls Veganos"", ""precio"": ""$12000""}]",Consultar dirección exacta,
66,Anttonina´s Unicentro Cali,Cocina Natural / Variada,4.5,"Ofrece opciones de comida natural y saludable, con platos variados y pastelería.",$$,URL_imagen_Anttoninas,"[{""autor"": ""Saludable y Rico"", ""texto"": ""Me encanta encontrar opciones saludables y sabrosas en un solo lugar.""}, {""autor"": ""Postres Sin Culpa"", ""texto"": ""Deliciosos postres sin azúcar y con ingredientes naturales.""}]",Consultar en sitio web,"[{""plato"": ""Bowl de Avena y Frutas"", ""precio"": ""$20000""}, {""plato"": ""Wrap de Pollo y Vegetales"", ""precio"": ""$28000""}, {""plato"": ""Ensalada Power"", ""precio"": ""$30000""}, {""plato"": ""Torta de Zanahoria sin Azúcar"", ""precio"": ""$18000""}, {""plato"": ""Jugo Detox Verde"", ""precio"": ""$10000""}]","Unicentro Cali, Consultar local exacto",
67,Jeno's Pizza,Pizza / Italiana,4,Cadena de pizzerías con opciones clásicas y algunas pastas.,$,,"[{""autor"": ""Rápido y Fácil"", ""texto"": ""Buena opción para pedir pizza a domicilio o comer algo rápido.""}, {""autor"": ""Precio Justo"", ""texto"": ""Pizza a buen precio y con promociones.""}]",Todos los días: 11:00-22:00,"[{""plato"": ""Pizza Peperoni Mediana"", ""precio"": ""$30000""}, {""plato"": ""Pizza Hawaiana Grande"", ""precio"": ""$40000""}, {""plato"": ""Lasaña de Carne"", ""precio"": ""$25000""}, {""plato"": ""Palitos de Queso"", ""precio"": ""$15000""}, {""plato"": ""Gaseosa 1.5 Litros"", ""precio"": ""$8000""}]",Consultar sede específica (Evitar sedes repetidas),
68,Mister Wings Unicentro Cali,Alitas / Americana,4.1,Especialistas en alitas de pollo con diversas salsas y acompañamientos.,$,,"[{""autor"": ""Fan de las Alitas"", ""texto"": ""Amplia variedad de salsas para las alitas, muy ricas.""}, {""autor"": ""Informal"", ""texto"": ""Buen lugar para ir a comer alitas con amigos en un ambiente relajado.""}]",Consultar en sitio web,"[{""plato"": ""Alitas BBQ (x10)"", ""precio"": ""$35000""}, {""plato"": ""Alitas Buffalo (x10)"", ""precio"": ""$35000""}, {""plato"": ""Aros de Cebolla"", ""precio"": ""$15000""}, {""plato"": ""Papas Fritas"", ""precio"": ""$10000""}, {""plato"": ""Aderezo Extra"", ""precio"": ""$3000""}]","Unicentro Cali, Consultar local exacto",
69,Popsy Cosmocentro Cali,Helados / Postres,4.5,Reconocida heladería con gran variedad de sabores y postres helados.,$,,"[{""autor"": ""Amante del Helado"", ""texto"": ""Deliciosos helados con muchas opciones de sabores y toppings.""}, {""autor"": ""Postre Perfecto"", ""texto"": ""Ideal para un postre después de comer o simplemente un antojo.""}]",Todos los días: 10:00-21:00,"[{""plato"": ""Copa de Helado Sencilla"", ""precio"": ""$8000""}, {""plato"": ""Malteada"", ""precio"": ""$16000""}, {""plato"": ""Banana Split"", ""precio"": ""$20000""}, {""plato"": ""Brownie con Helado"", ""precio"": ""$18000""}, {""plato"": ""Cono con Helado"", ""precio"": ""$5000""}]","Cosmocentro Cali, Consultar local exacto",
70,Ventolini Santa Mónica,Italiana / Postres,4.4,Pastelería y restaurante con opciones italianas y postres clásicos.,$$,URL_imagen_Ventolini,"[{""autor"": ""Hora del Café"", ""texto"": ""Excelente pastelería para acompañar un café.""}, {""autor"": ""Almuerzo Italiano"", ""texto"": ""Buenas opciones de pasta y lasaña.""}]",Consultar en sitio web,"[{""plato"": ""Lasaña Boloñesa"", ""precio"": ""$38000""}, {""plato"": ""Canelones de Pollo"", ""precio"": ""$36000""}, {""plato"": ""Tiramisú"", ""precio"": ""$19000""}, {""plato"": ""Torta Selva Negra"", ""precio"": ""$17000""}, {""plato"": ""Café Americano"", ""precio"": ""$7000""}]","Consultar dirección exacta, Santa Mónica",
71,Deliorgánicos,Saludable / Orgánica,4.6,Enfocado en comida orgánica y saludable con opciones vegetarianas y veganas.,$$,URL_imagen_Deliorganicos,"[{""autor"": ""Vida Saludable"", ""texto"": ""Ingredientes frescos y orgánicos, ideal para quienes cuidan su alimentación.""}, {""autor"": ""Opciones Veganas"", ""texto"": ""Mucha variedad y sabor en los platos veganos.""}]",Consultar en sitio web,"[{""plato"": ""Bowl Orgánico"", ""precio"": ""$35000""}, {""plato"": ""Ensalada Orgánica"", ""precio"": ""$30000""}, {""plato"": ""Hamburguesa Vegana Orgánica"", ""precio"": ""$32000""}, {""plato"": ""Jugo Verde Orgánico"", ""precio"": ""$12000""}, {""plato"": ""Postre Raw Vegano"", ""precio"": ""$20000""}]",Consultar dirección exacta,
72,CIRCO Terraza Cali,Bar / Restaurante,4.2,"Bar restaurante con terraza, ambiente animado y opciones de comida variada.",$$,URL_imagen_CIRCO,"[{""autor"": ""Noche de Terraza"", ""texto"": ""Buen lugar para ir de noche, ambiente agradable y buena música.""}, {""autor"": ""Comida para Compartir"", ""texto"": ""Opciones variadas para picar y compartir en la terraza.""}]",Consultar en sitio web,"[{""plato"": ""Tapas Variadas"", ""precio"": ""$40000""}, {""plato"": ""Mini Burgers"", ""precio"": ""$35000""}, {""plato"": ""Coctel de Autor"", ""precio"": ""$30000""}, {""plato"": ""Cerveza Artesanal"", ""precio"": ""$18000""}, {""plato"": ""Papas Bravas"", ""precio"": ""$16000""}]",Consultar dirección exacta,
73,Cheers Pizzeria,Pizza / Bar,4.3,"Pizzería con ambiente de bar, ideal para disfrutar de pizza y bebidas.",$$,URL_imagen_Cheers,"[{""autor"": ""Noche de Pizza y Cerveza"", ""texto"": ""Excelente combinación de buena pizza y variedad de cervezas.""}, {""autor"": ""Ambiente Relajado"", ""texto"": ""Perfecto para ir con amigos a pasar un buen rato.""}]",Consultar en sitio web,"[{""plato"": ""Pizza Peperoni"", ""precio"": ""$32000""}, {""plato"": ""Pizza Vegetariana"", ""precio"": ""$30000""}, {""plato"": ""Lasagna de Carne"", ""precio"": ""$28000""}, {""plato"": ""Alitas de Pollo"", ""precio"": ""$25000""}, {""plato"": ""Cerveza Nacional"", ""precio"": ""$10000""}]",Consultar dirección exacta,
74,Carioca La Estación,Colombiana,4.1,Restaurante con opciones de comida colombiana en un ambiente casual.,$$,URL_imagen_Carioca,"[{""autor"": ""Almuerzo Diario"", ""texto"": ""Buena opción para almorzar, menú variado y precios accesibles.""}, {""autor"": ""Sabor Casero"", ""texto"": ""Comida colombiana con sabor tradicional.""}]",Consultar en sitio web,"[{""plato"": ""Bandeja del Día"", ""precio"": ""$20000""}, {""plato"": ""Sancocho"", ""precio"": ""$25000""}, {""plato"": ""Arroz con Pollo"", ""precio"": ""$22000""}, {""plato"": ""Posta Sudada"", ""precio"": ""$28000""}, {""plato"": ""Jugo Natural"", ""precio"": ""$5000""}]",Consultar dirección exacta,
75,Carnes Club Norte,Parrilla / Carnes,4.5,Club con enfoque en carnes a la parrilla y ambiente para socios e invitados.,$$$,URL_imagen_Carnes_Club_Norte,"[{""autor"": ""Socio"", ""texto"": ""Excelente calidad de carne y un ambiente exclusivo.""}, {""autor"": ""Invitado"", ""texto"": ""Si tienes la oportunidad de ir, la carne es de primera.""}]",Consultar en sitio web (Puede requerir membresía o invitación),"[{""plato"": ""Corte Especial de Res"", ""precio"": ""$70000""}, {""plato"": ""Morrillo a la Llanera"", ""precio"": ""$65000""}, {""plato"": ""Chuletón de Cerdo"", ""precio"": ""$58000""}, {""plato"": ""Papas a la Criolla"", ""precio"": ""$15000""}, {""plato"": ""Ensalada"", ""precio"": ""$12000""}]","Consultar dirección exacta, Norte",
76,La Gente Que Me Gusta,Española,4.4,Restaurante de comida española con un ambiente auténtico y platos para compartir.,$$$,URL_imagen_La_Gente_Que_Me_Gusta,"[{""autor"": ""Grupo de Amigos"", ""texto"": ""Ideal para ir en grupo, pedir varias tapas y disfrutar del ambiente español.""}, {""autor"": ""Comida Deliciosa"", ""texto"": ""Las tapas son muy variadas y sabrosas, como en España.""}]",Consultar en sitio web,"[{""plato"": ""Tabla de Tapas Variadas"", ""precio"": ""$60000""}, {""plato"": ""Paella (porción)"", ""precio"": ""$50000""}, {""plato"": ""Gambas al Ajillo"", ""precio"": ""$38000""}, {""plato"": ""Chorizo a la Sidra"", ""precio"": ""$35000""}, {""plato"": ""Sangría (copa)"", ""precio"": ""$20000""}]",Consultar dirección exacta,
77,La Taquería,Mexicana,4,Taquería con opciones rápidas e informales de tacos y otras especialidades mexicanas.,$,,"[{""autor"": ""Antojo de Tacos"", ""texto"": ""Buenos tacos para quitarse el antojo, rápidos y sabrosos.""}, {""autor"": ""Informal"", ""texto"": ""Ideal para una comida rápida y económica con sabor a México.""}]",Consultar en sitio web,"[{""plato"": ""Tacos al Pastor (x3)"", ""precio"": ""$25000""}, {""plato"": ""Tacos de Carnitas (x3)"", ""precio"": ""$25000""}, {""plato"": ""Quesadillas"", ""precio"": ""$20000""}, {""plato"": ""Guacamole con Totopos"", ""precio"": ""$18000""}, {""plato"": ""Agua Fresca"", ""precio"": ""$8000""}]",Consultar dirección exacta,
78,Cocora Fusión,Colombiana / Fusión,4.4,"Cocina colombiana con toques de fusión y presentaciones creativas, inspirado en la región del Eje Cafetero.",$$$,URL_imagen_Cocora_Fusion,"[{""autor"": ""Innovador"", ""texto"": ""Propuesta interesante que combina sabores colombianos de forma novedosa.""}, {""autor"": ""Platos con Historia"", ""texto"": ""Se nota la inspiración en la región, platos ricos y diferentes.""}]",Consultar en sitio web,"[{""plato"": ""Trucha Gratinada con Queso Paipa"", ""precio"": ""$48000""}, {""plato"": ""Cerdo Confitado con Salsa de Café"", ""precio"": ""$55000""}, {""plato"": ""Crema de Chontaduro"", ""precio"": ""$22000""}, {""plato"": ""Arroz Meloso con Trucha"", ""precio"": ""$45000""}, {""plato"": ""Postre de Café y Panela"", ""precio"": ""$18000""}]",Consultar dirección exacta,
79,El Corral Cali,Hamburguesas,4.2,Reconocida cadena de hamburguesas con diversas opciones y acompañamientos.,$,,"[{""autor"": ""Fan de El Corral"", ""texto"": ""Las hamburguesas clásicas que nunca fallan.""}, {""autor"": ""Rápido y Confiable"", ""texto"": ""Una opción segura para comer una buena hamburguesa.""}]",Todos los días: 11:00-22:00,"[{""plato"": ""Hamburguesa Corral"", ""precio"": ""$25000""}, {""plato"": ""Corralisima"", ""precio"": ""$30000""}, {""plato"": ""Hamburguesa Doble Carne"", ""precio"": ""$35000""}, {""plato"": ""Papas con Queso"", ""precio"": ""$12000""}, {""plato"": ""Malteada"", ""precio"": ""$15000""}]",Consultar sede específica (Evitar sedes repetidas),
80,Praper's Areperia Autopista,Arepas,4,"Arepería con diversas opciones de arepas rellenas, ubicada en la zona de la Autopista.",$,,"[{""autor"": ""Antojo de Arepa"", ""texto"": ""Buenas arepas para comer algo rápido cuando pasas por la Autopista.""}, {""autor"": ""Variedad de Rellenos"", ""texto"": ""Muchas opciones para rellenar las arepas a tu gusto.""}]",Consultar en sitio web,"[{""plato"": ""Arepa con Queso"", ""precio"": ""$10000""}, {""plato"": ""Arepa Rellena con Carne Desmechada"", ""precio"": ""$18000""}, {""plato"": ""Arepa Rellena con Pollo y Champiñones"", ""precio"": ""$19000""}, {""plato"": ""Arepa con Huevo Perico"", ""precio"": ""$15000""}, {""plato"": ""Gaseosa"", ""precio"": ""$5000""}]","Consultar dirección exacta, Autopista Suroriental",
81,La Arepería Salomia,Arepas,3.9,Arepería tradicional en el barrio Salomia con arepas rellenas.,$,,"[{""autor"": ""Local"", ""texto"": ""Las arepas de toda la vida en Salomia, sencillas y ricas.""}, {""autor"": ""Economico"", ""texto"": ""Buena opción y económica para comer arepa.""}]",Consultar en sitio web,"[{""plato"": ""Arepa con Queso"", ""precio"": ""$8000""}, {""plato"": ""Arepa Rellena con Carne"", ""precio"": ""$16000""}, {""plato"": ""Arepa Rellena con Pollo"", ""precio"": ""$16000""}, {""plato"": ""Arepa con Chorizo"", ""precio"": ""$14000""}, {""plato"": ""Chocolate"", ""precio"": ""$7000""}]","Consultar dirección exacta, Salomia",
82,Yala restaurant Cali,Internacional / Mediterránea,4.2,Restaurante con influencia mediterránea y platos internacionales.,$$,URL_imagen_Yala,"[{""autor"": ""Cena Agradable"", ""texto"": ""Buen ambiente y comida sabrosa con toques mediterráneos.""}, {""autor"": ""Opciones Variadas"", ""texto"": ""Desde pastas hasta carnes y pescados, opciones para todos los gustos.""}]",Consultar en sitio web,"[{""plato"": ""Fetuccini con Camarones"", ""precio"": ""$45000""}, {""plato"": ""Lomo de Cerdo en Salsa de Champiñones"", ""precio"": ""$48000""}, {""plato"": ""Ensalada Griega"", ""precio"": ""$28000""}, {""plato"": ""Pechuga de Pollo al Pesto"", ""precio"": ""$38000""}, {""plato"": ""Crema de Lentejas"", ""precio"": ""$15000""}]",Consultar dirección exacta,
83,Antonina's Pance,Cocina Natural / Café,4.5,"Sede de Anttonina's en Pance, ofreciendo opciones saludables, panadería y cafetería en un entorno tranquilo.",$$,URL_imagen_Antoninas_Pance,"[{""autor"": ""Plan de Tarde"", ""texto"": ""Ideal para ir en la tarde, disfrutar del ambiente de Pance y comer algo rico y saludable.""}, {""autor"": ""Postres Deliciosos"", ""texto"": ""La misma calidad de pastelería saludable, muy recomendada.""}]",Consultar en sitio web,"[{""plato"": ""Waffles con Frutas"", ""precio"": ""$30000""}, {""plato"": ""Sándwich Integral"", ""precio"": ""$25000""}, {""plato"": ""Smoothie Natural"", ""precio"": ""$14000""}, {""plato"": ""Torta sin Azúcar"", ""precio"": ""$19000""}, {""plato"": ""Café Orgánico"", ""precio"": ""$8000""}]","Consultar dirección exacta, Pance",
84,Hooters Granada Cali,Americana / Alitas,3.8,Restaurante con enfoque en alitas de pollo y ambiente deportivo.,$$,URL_imagen_Hooters_Granada,"[{""autor"": ""Deportes y Alitas"", ""texto"": ""Buen lugar para ver deportes y comer alitas con amigos.""}, {""autor"": ""Ambiente Descomplicado"", ""texto"": ""Ideal para ir en grupo en un plan informal.""}]",Consultar en sitio web,"[{""plato"": ""Alitas Hooters (x10)"", ""precio"": ""$38000""}, {""plato"": ""Hamburguesa Hooters"", ""precio"": ""$30000""}, {""plato"": ""Aros de Cebolla"", ""precio"": ""$16000""}, {""plato"": ""Cerveza de Barril"", ""precio"": ""$12000""}, {""plato"": ""Ensalada César con Pollo"", ""precio"": ""$32000""}]","Consultar dirección exacta, Granada",
85,Shushi Green Parque del Perro,Sushi / Asiática,4,"Sede de Sushi Green en el Parque del Perro, con opciones de sushi y comida asiática.",$$,URL_imagen_Sushi_Green_Parque_Perro,"[{""autor"": ""Sushi Casual"", ""texto"": ""Buena opción de sushi si estás por el Parque del Perro.""}, {""autor"": ""Precio Justo"", ""texto"": ""Sushi rico a un precio razonable.""}]",Consultar en sitio web,"[{""plato"": ""Roll California"", ""precio"": ""$26000""}, {""plato"": ""Bandeja Combinada de Sushi"", ""precio"": ""$48000""}, {""plato"": ""Gyoza (porción)"", ""precio"": ""$14000""}, {""plato"": ""Wok de Res"", ""precio"": ""$35000""}, {""plato"": ""Té Verde"", ""precio"": ""$6000""}]","Parque del Perro, Consultar dirección exacta",
86,Don Ceviche,Ceviches / Comida de Mar,4.4,Especialistas en ceviches con variedad de preparaciones y productos frescos.,$$,URL_imagen_Don_Ceviche,"[{""autor"": ""Fan del Ceviche"", ""texto"": ""Los mejores ceviches de la ciudad, muy frescos y con buen sabor.""}, {""autor"": ""Variedad"", ""texto"": ""Muchas opciones de ceviches para elegir y otros platos de mar.""}]",Consultar en sitio web,"[{""plato"": ""Ceviche Clásico de Pescado"", ""precio"": ""$35000""}, {""plato"": ""Ceviche de Camarones"", ""precio"": ""$38000""}, {""plato"": ""Ceviche Mixto"", ""precio"": ""$40000""}, {""plato"": ""Leche de Tigre"", ""precio"": ""$15000""}, {""plato"": ""Patacones"", ""precio"": ""$9000""}]",Consultar dirección exacta,
87,La Pérgola Cevicheria,Cevicheria / Comida de Mar,4.2,Cevicheria con un ambiente agradable y opciones frescas de comida de mar.,$$,URL_imagen_La_Pergola,"[{""autor"": ""Almuerzo Fresco"", ""texto"": ""Ideal para un almuerzo ligero y refrescante con buen ceviche.""}, {""autor"": ""Ambiente Relax"", ""texto"": ""Un lugar tranquilo para disfrutar de comida de mar.""}]",Consultar en sitio web,"[{""plato"": ""Ceviche de Pescado"", ""precio"": ""$36000""}, {""plato"": ""Coctel de Camarones"", ""precio"": ""$39000""}, {""plato"": ""Arroz a la Marinera"", ""precio"": ""$42000""}, {""plato"": ""Patacones"", ""precio"": ""$10000""}, {""plato"": ""Limonada Natural"", ""precio"": ""$7000""}]",Consultar dirección exacta,
88,Waunana Restaurante Pacífico,Pacífico Colombiano,4.5,Explora los sabores exóticos y auténticos de la costa Pacífica colombiana.,$$$,URL_imagen_Waunana,"[{""autor"": ""Experiencia Pacífica"", ""texto"": ""Una inmersión en la cultura y gastronomía del Pacífico, delicioso y diferente.""}, {""autor"": ""Sabor Único"", ""texto"": ""Recomendado probar los platos con mariscos y pescados frescos de la región.""}]",Consultar en sitio web,"[{""plato"": ""Arroz Caldoso de Jaiba"", ""precio"": ""$60000""}, {""plato"": ""Pescado Fresco Frito con Tostones"", ""precio"": ""$55000""}, {""plato"": ""Cazuela de Mariscos del Pacífico"", ""precio"": ""$63000""}, {""plato"": ""Abocollo de Camarones"", ""precio"": ""$20000""}, {""plato"": ""Jugo de Borojó"", ""precio"": ""$10000""}]",Consultar dirección exacta,
89,La Comitiva Campestre,Fusión / Colombiana,4.4,"Sede campestre de La Comitiva, con su propuesta de cocina colombiana fusionada en un entorno natural.",$$$,URL_imagen_La_Comitiva_Campestre,"[{""autor"": ""Crítico Local"", ""texto"": ""Una propuesta interesante que rescata sabores tradicionales con técnicas de vanguardia.""}, {""autor"": ""Experiencia Gourmet"", ""texto"": ""Platos sorprendentes y un ambiente muy agradable.""}]",Consultar en sitio web,"[{""plato"": ""Pulpo a la Parrilla con Hogao"", ""precio"": ""$65000""}, {""plato"": ""Arroz Atollado de Mariscos"", ""precio"": ""$60000""}, {""plato"": ""Ceviche de Chontaduro"", ""precio"": ""$48000""}, {""plato"": ""Lomo de Cerdo Glaseado"", ""precio"": ""$55000""}, {""plato"": ""Postre de Lulo"", ""precio"": ""$20000""}]",Consultar dirección exacta,
90,Absenta Cali Sede Peñón,Bar / Tapas,4.3,"Bar con ambiente alternativo, coctelería creativa y algunas opciones de comida en el Barrio Peñón.",$$,URL_imagen_Absenta_Peñon,"[{""autor"": ""Noche Alternativa"", ""texto"": ""Ideal para tomar algo diferente en un ambiente único.""}, {""autor"": ""Buenos Tragos"", ""texto"": ""Cocteles de autor muy bien preparados.""}]",Consultar en sitio web,"[{""plato"": ""Tapas Variadas"", ""precio"": ""$35000""}, {""plato"": ""Mini Pizzas"", ""precio"": ""$20000""}, {""plato"": ""Coctel Absenta"", ""precio"": ""$30000""}, {""plato"": ""Cerveza Artesanal"", ""precio"": ""$15000""}, {""plato"": ""Papitas con Salsas"", ""precio"": ""$10000""}]","Consultar dirección exacta, Barrio Peñón",
91,Café Macondo Cali,Café / Literario,4.5,"Café con un ambiente literario inspirado en Macondo, ideal para disfrutar de un buen café y leer.",$,,"[{""autor"": ""Lector"", ""texto"": ""Un rincón perfecto para leer y tomar un excelente café.""}, {""autor"": ""Ambiente Inspirador"", ""texto"": ""Se respira literatura en este lugar, muy agradable.""}]",Consultar en sitio web,"[{""plato"": ""Café Americano"", ""precio"": ""$6000""}, {""plato"": ""Cappuccino"", ""precio"": ""$8000""}, {""plato"": ""Torta de Chocolate"", ""precio"": ""$15000""}, {""plato"": ""Sándwich Pequeño"", ""precio"": ""$18000""}, {""plato"": ""Jugo del Día"", ""precio"": ""$7000""}]",Consultar dirección exacta,
92,Tierradentro Cafe Cali,Café / Cultural,4.3,"Café con un enfoque cultural, a menudo con eventos y exposiciones, ideal para café y algo ligero.",$,,"[{""autor"": ""Cultura y Café"", ""texto"": ""Un espacio interesante que combina el arte con un buen café.""}, {""autor"": ""Ambiente Diferente"", ""texto"": ""Ideal para una tarde cultural o para trabajar.""}]",Consultar en sitio web,"[{""plato"": ""Café Filtrado"", ""precio"": ""$7000""}, {""plato"": ""Tostadas con Mermelada"", ""precio"": ""$10000""}, {""plato"": ""Brownie"", ""precio"": ""$12000""}, {""plato"": ""Limonada"", ""precio"": ""$6000""}, {""plato"": ""Sándwich Pequeño"", ""precio"": ""$15000""}]",Consultar dirección exacta,
93,La Casa del Folclor Cali,Típica Colombiana / Show,4,Restaurante con comida típica colombiana y shows folclóricos en vivo.,$$,URL_imagen_Casa_Folclor,"[{""autor"": ""Experiencia Cultural"", ""texto"": ""Ideal para turistas que quieren conocer la cultura y gastronomía colombiana.""}, {""autor"": ""Noche Divertida"", ""texto"": ""Buena comida y el show folclórico es muy entretenido.""}]",Consultar en sitio web,"[{""plato"": ""Bandeja Típica"", ""precio"": ""$35000""}, {""plato"": ""Sancocho"", ""precio"": ""$30000""}, {""plato"": ""Fritanga Colombiana"", ""precio"": ""$40000""}, {""plato"": ""Arequipe con Queso"", ""precio"": ""$10000""}, {""plato"": ""Canelazo"", ""precio"": ""$8000""}]",Consultar dirección exacta,
94,El Patio de San Antonio,Variada / Patio,4.1,Restaurante con un patio agradable que ofrece opciones de comida variada.,$$,URL_imagen_Patio_San_Antonio,"[{""autor"": ""Ambiente Agradable"", ""texto"": ""Ideal para una comida al aire libre en un patio bonito en San Antonio.""}, {""autor"": ""Opciones para Todos"", ""texto"": ""El menú es variado, fácil encontrar algo que te guste.""}]",Consultar en sitio web,"[{""plato"": ""Hamburguesa"", ""precio"": ""$28000""}, {""plato"": ""Pizza Personal"", ""precio"": ""$25000""}, {""plato"": ""Ensalada"", ""precio"": ""$20000""}, {""plato"": ""Pasta"", ""precio"": ""$30000""}, {""plato"": ""Jugos Naturales"", ""precio"": ""$8000""}]","Consultar dirección exacta, San Antonio",
95,Ceviches de la Avenida,Cevicheria,4.3,Cevicheria popular en la Avenida Roosevelt con opciones frescas y rápidas.,$,,"[{""autor"": ""Rápido y Rico"", ""texto"": ""El mejor ceviche para comer rápido y a buen precio.""}, {""autor"": ""Sabor de la Avenida"", ""texto"": ""Un clásico de la Roosevelt, siempre fresco y sabroso.""}]",Consultar en sitio web,"[{""plato"": ""Ceviche de Pescado"", ""precio"": ""$28000""}, {""plato"": ""Ceviche de Camarones"", ""precio"": ""$30000""}, {""plato"": ""Coctel de Camarones"", ""precio"": ""$32000""}, {""plato"": ""Arroz con Camarones"", ""precio"": ""$35000""}, {""plato"": ""Limonada"", ""precio"": ""$6000""}]","Av. Roosevelt, Consultar dirección exacta",
96,La Barra Restaurante Cali,Colombiana,4,Restaurante con opciones de comida colombiana tradicional.,$$,URL_imagen_La_Barra_Restaurante,"[{""autor"": ""Comida Tradicional"", ""texto"": ""Platos colombianos bien preparados con sabor casero.""}, {""autor"": ""Almuerzo"", ""texto"": ""Buena opción para el almuerzo diario.""}]",Consultar en sitio web,"[{""plato"": ""Bandeja del Día"", ""precio"": ""$23000""}, {""plato"": ""Sancocho"", ""precio"": ""$28000""}, {""plato"": ""Filete de Pescado"", ""precio"": ""$35000""}, {""plato"": ""Carne Asada"", ""precio"": ""$30000""}, {""plato"": ""Jugo Natural"", ""precio"": ""$6000""}]",Consultar dirección exacta,
97,Punto de la Carne Cali,Carnes / Parrilla,4.2,Especialistas en cortes de carne a la parrilla.,$$$,URL_imagen_Punto_de_la_Carne,"[{""autor"": ""Amante de la Carne"", ""texto"": ""Excelente carne a la parrilla, tierna y jugosa.""}, {""autor"": ""Parrilla"", ""texto"": ""Un lugar para ir directo a disfrutar de un buen corte de carne.""}]",Consultar en sitio web,"[{""plato"": ""Baby Beef"", ""precio"": ""$60000""}, {""plato"": ""Punta de Anca"", ""precio"": ""$65000""}, {""plato"": ""Entraña"", ""precio"": ""$62000""}, {""plato"": ""Chorizo"", ""precio"": ""$15000""}, {""plato"": ""Papas a la Francesa"", ""precio"": ""$12000""}]",Consultar dirección exacta,
98,Tejadas La 36,Típica Colombiana / Fritanga,4.1,Famoso por su fritanga y platos típicos colombianos en un ambiente informal.,$,,"[{""autor"": ""Antojo de Fritanga"", ""texto"": ""La mejor fritanga de Cali, deliciosa y variada.""}, {""autor"": ""Popular"", ""texto"": ""Un lugar auténtico para probar la comida de calle colombiana en un solo sitio.""}]",Consultar en sitio web,"[{""plato"": ""Plato de Fritanga (Chicharrón, Morcilla, Chorizo, Papa, Yuca)"", ""precio"": ""$30000""}, {""plato"": ""Empanadas"", ""precio"": ""$3000""}, {""plato"": ""Aborrajados"", ""precio"": ""$10000""}, {""plato"": ""Marranitas"", ""precio"": ""$9000""}, {""plato"": ""Lulada"", ""precio"": ""$7000""}]","Consultar dirección exacta, La 36",
99,El Astillero Restaurante,Pacífico Colombiano,4.4,Cocina del Pacífico colombiano con énfasis en pescados y mariscos frescos.,$$$,URL_imagen_El_Astillero,"[{""autor"": ""Sabor a Mar"", ""texto"": ""Pescados y mariscos frescos con la auténtica sazón del Pacífico.""}, {""autor"": ""Recomendado"", ""texto"": ""Ideal para quienes disfrutan de la comida de mar con sabores intensos.""}]",Consultar en sitio web,"[{""plato"": ""Arroz Caldoso de Mariscos"", ""precio"": ""$62000""}, {""plato"": ""Pargo Rojo Frito"", ""precio"": ""$58000""}, {""plato"": ""Encocado de Camarones"", ""precio"": ""$55000""}, {""plato"": ""Sudado de Pescado"", ""precio"": ""$50000""}, {""plato"": ""Patacones con Hogao"", ""precio"": ""$12000""}]",Consultar dirección exacta,
100,Pizzería El Horno,Pizza Artesanal,4.5,Pizzas artesanales al horno de leña con ingredientes frescos.,$$,URL_imagen_El_Horno,"[{""autor"": ""Fan de la Pizza"", ""texto"": ""Las mejores pizzas al horno de leña de Cali, masa perfecta e ingredientes de calidad.""}, {""autor"": ""Pizza Artesanal"", ""texto"": ""Se nota la diferencia de la pizza hecha en horno de leña, deliciosa.""}]",Consultar en sitio web,"[{""plato"": ""Pizza Margarita"", ""precio"": ""$35000""}, {""plato"": ""Pizza Prosciutto e Funghi"", ""precio"": ""$42000""}, {""plato"": ""Pizza Vegetariana"", ""precio"": ""$38000""}, {""plato"": ""Pan de Ajo con Queso"", ""precio"": ""$15000""}, {""plato"": ""Lasaña Boloñesa"", ""precio"": ""$38000""}]",Consultar dirección exacta,
101,San Antonio del Mar,Pescados y Mariscos,4.3,Comida de mar en el barrio San Antonio con opciones variadas.,$$,URL_imagen_San_Antonio_del_Mar,"[{""autor"": ""Comida de Mar en San Antonio"", ""texto"": ""Una buena opción para comer pescado y mariscos si estás en San Antonio.""}, {""autor"": ""Ambiente"", ""texto"": ""Lugar agradable con opciones frescas.""}]",Consultar en sitio web,"[{""plato"": ""Ceviche"", ""precio"": ""$30000""}, {""plato"": ""Pescado Frito"", ""precio"": ""$40000""}, {""plato"": ""Cazuela"", ""precio"": ""$45000""}, {""plato"": ""Arroz con Camarones"", ""precio"": ""$42000""}, {""plato"": ""Patacones"", ""precio"": ""$9000""}]","Consultar dirección exacta, San Antonio",
102,Fusion Wok Granada,Asiática / Wok,4,Opciones de woks y comida asiática para armar a tu gusto en la zona de Granada.,$,,"[{""autor"": ""Rápido y Personalizado"", ""texto"": ""Ideal para armar tu wok con los ingredientes que quieras, rápido y a buen precio.""}, {""autor"": ""Almuerzo Ligero"", ""texto"": ""Buena opción para un almuerzo diferente y personalizable.""}]",Consultar en sitio web,"[{""plato"": ""Wok de Pollo (base y 4 ingredientes)"", ""precio"": ""$28000""}, {""plato"": ""Wok de Res (base y 4 ingredientes)"", ""precio"": ""$30000""}, {""plato"": ""Rollos Primavera"", ""precio"": ""$12000""}, {""plato"": ""Gaseosa"", ""precio"": ""$5000""}, {""plato"": ""Adición de Proteína"", ""precio"": ""$8000""}]","Consultar dirección exacta, Granada",
103,Buffet Vegetariano Cali,Vegetariana / Buffet,4.2,Restaurante buffet con opciones vegetarianas y veganas variadas.,$,,"[{""autor"": ""Vegetariano"", ""texto"": ""Mucha variedad de platos vegetarianos para elegir, puedes comer todo lo que quieras.""}, {""autor"": ""Precio Fijo"", ""texto"": ""Buena opción si quieres probar diferentes cosas y comer a un precio fijo.""}]",Consultar en sitio web,"[{""plato"": ""Buffet Vegetariano (Precio por Persona)"", ""precio"": ""$20000""}, {""plato"": ""Sopa del Día"", ""precio"": ""Incluido en Buffet""}, {""plato"": ""Ensaladas Variadas"", ""precio"": ""Incluido en Buffet""}, {""plato"": ""Platos Calientes Variados"", ""precio"": ""Incluido en Buffet""}, {""plato"": ""Postre Sencillo"", ""precio"": ""Incluido en Buffet""}]",Consultar dirección exacta,
104,Waunana Restaurante San Antonio,Pacífico Colombiano,4.5,"Sede de Waunana en San Antonio, ofreciendo la misma experiencia de la cocina Pacífica en un barrio emblemático.",$$$,URL_imagen_Waunana_San_Antonio,"[{""autor"": ""Experiencia Pacífica"", ""texto"": ""Una inmersión en la cultura y gastronomía del Pacífico, delicioso y diferente.""}, {""autor"": ""Sabor Único"", ""texto"": ""Recomendado probar los platos con mariscos y pescados frescos de la región.""}]",Consultar en sitio web,"[{""plato"": ""Arroz Caldoso de Jaiba"", ""precio"": ""$60000""}, {""plato"": ""Pescado Fresco Frito con Tostones"", ""precio"": ""$55000""}, {""plato"": ""Cazuela de Mariscos del Pacífico"", ""precio"": ""$63000""}, {""plato"": ""Abocollo de Camarones"", ""precio"": ""$20000""}, {""plato"": ""Jugo de Borojó"", ""precio"": ""$10000""}]","Consultar dirección exacta, San Antonio",
105,La Casa del Wok Cali,Asiática / Wok,4,Restaurante especializado en woks con diversas combinaciones.,$,,"[{""autor"": ""Rápido y Sabroso"", ""texto"": ""Woks bien hechos y a buen precio.""}, {""autor"": ""Almuerzo Diferente"", ""texto"": ""Buena opción para un almuerzo rápido con sabor asiático.""}]",Consultar en sitio web,"[{""plato"": ""Wok de Pollo"", ""precio"": ""$25000""}, {""plato"": ""Wok de Res"", ""precio"": ""$28000""}, {""plato"": ""Wok Vegetariano"", ""precio"": ""$22000""}, {""plato"": ""Rollos Primavera"", ""precio"": ""$10000""}, {""plato"": ""Gaseosa"", ""precio"": ""$5000""}]",Consultar dirección exacta,
106,Pizzas Piccolo,Pizza,4.2,Cadena de pizzerías con opciones clásicas y para compartir.,$$,,"[{""autor"": ""Pizza con Amigos"", ""texto"": ""Buenas pizzas para pedir entre varios, ricas y con buena cantidad de queso.""}, {""autor"": ""Familiar"", ""texto"": ""Ideal para ir en familia a comer pizza.""}]",Consultar en sitio web,"[{""plato"": ""Pizza Grande Peperoni"", ""precio"": ""$45000""}, {""plato"": ""Pizza Mediana Hawaiana"", ""precio"": ""$35000""}, {""plato"": ""Pizza Familiar Mixta"", ""precio"": ""$60000""}, {""plato"": ""Pan de Ajo"", ""precio"": ""$12000""}, {""plato"": ""Gaseosa 1.5 Lt"", ""precio"": ""$8000""}]",Consultar sede específica (Evitar sedes repetidas),
